"Day","Susceptible","New Infections","Exposed","Infected","Hospitalized","Critical","Recovered","Dead","date","Cases"
1,18811366.2128753,0,0,0,0,0,0,0,2020-04-01,0
2,18811366.2128753,0,0,0,0,0,0,0,2020-04-02,0
3,18811366.2128753,0,0,0,0,0,0,0,2020-04-03,0
4,18811366.2128753,0,0,0,0,0,0,0,2020-04-04,0
5,18811366.2128753,0,0,0,0,0,0,0,2020-04-05,0
6,18811366.2128753,0,0,0,0,0,0,0,2020-04-06,0
7,18811366.2128753,0,0,0,0,0,0,0,2020-04-07,0
8,18811366.2128753,0,0,0,0,0,0,0,2020-04-08,0
9,18811366.2128753,0,0,0,0,0,0,0,2020-04-09,0
10,18811366.2128753,0,0,0,0,0,0,0,2020-04-10,0
11,18811366.2128753,0,0,0,0,0,0,0,2020-04-11,0
12,18811366.2128753,0,0,0,0,0,0,0,2020-04-12,0
13,18811366.2128753,0,1,0,0,0,0,0,2020-04-13,0
14,18811366.0654279,0.147447379243084,3.86173309324308,0.285714286,0,0,0,0,2020-04-14,0.147447379243084
15,18811365.4418739,0.623553967806851,3.38193474759142,1.30743394623403,0.000944680818215892,0,0.0806879724062739,0,2020-04-15,0.624498648625067
16,18811364.6857713,0.756102580993231,4.17177025687798,1.90014846150028,0.00502925855382742,0.0000329853440828384,0.450122965766998,0,2020-04-16,0.761164824891141
17,18811363.7449173,0.94085399534291,6.92068989192096,2.54918326082866,0.010042276319188,0.000205424907457295,0.987836214914407,0.000000854495407242211,2020-04-17,0.951101696569555
18,18811362.2960376,1.44887974947896,8.3922296703023,3.79818515667546,0.015969389418408,0.000536634674483114,1.70991052965396,0.00000629214042328193,2020-04-18,1.46538577357185
19,18811360.4028266,1.8932109926733,13.8876607547772,5.11076930473857,0.0245256636577107,0.00104607262006861,2.78602585439245,0.0000210153523696202,2020-04-19,1.91878272895108
20,18811357.485216,2.91761060576733,13.8373682837831,7.61845257868585,0.0352215151563843,0.00181132266338745,4.23475485914362,0.0000507118733032178,2020-04-20,2.9546434435871
21,18811354.0875617,3.39765430909879,14.2814887935618,9.3952856390619,0.0514690122081321,0.00288512002336747,6.39408129794635,0.000103717602937415,2020-04-21,3.45200844133029
22,18811350.2186626,3.86889909001715,15.0699625099094,10.7913436846008,0.069379649187863,0.00443572743970524,9.0589005415342,0.000190557749641418,2020-04-22,3.94271446664472
23,18811345.8879609,4.33070168116282,15.0949606125067,12.01380620734,0.0872106690389589,0.00647911853277873,12.1221307839351,0.000326960230859395,2020-04-23,4.42439146873456
24,18811341.2510145,4.6369464288346,16.4190611477408,12.894136038268,0.104331814937148,0.00897013347166294,15.5348311711981,0.000530474803346578,2020-04-24,4.75024837724341
25,18811336.1818959,5.06911854232095,22.7970193574447,13.9012574991245,0.119664589199038,0.0118474911764711,19.2003716422313,0.000818743564003403,2020-04-25,5.20063062269646
26,18811329.906874,6.27502197590361,28.5586072247078,16.4429037469005,0.13400648850471,0.0150173843569114,23.1542575872818,0.00120886689193262,2020-04-26,6.42404584876523
27,18811322.2809992,7.62587473470483,35.0248798870508,19.9045333154499,0.152899474476611,0.018422629097943,27.8294243748716,0.00171635240157033,2020-04-27,7.79719683827939
28,18811313.0418262,9.23917300082547,46.2569443387118,24.2246323402274,0.178357007026908,0.0222124607100049,33.4865473894348,0.00235549806303776,2020-04-28,9.43974246856238
29,18811301.3707336,11.6710925996847,53.7117671141197,30.5195786318036,0.211660615327,0.0266000985840236,40.3693907995109,0.00314437451340269,2020-04-29,11.9093533135958
30,18811287.419519,13.9512146690916,66.3167625924023,37.145918204806,0.257387216780328,0.0318290518874698,49.0373514883173,0.00410774875680021,2020-04-30,14.2404309377594
31,18811269.8908995,17.5286195032829,77.8977356217655,45.4804451810252,0.313455214474915,0.0382825462944342,59.5867780379649,0.00527920470816573,2020-05-01,17.8803572640523
32,18811248.8424387,21.0484607313774,97.6897004389535,54.7425281733559,0.38289698904061,0.0462360129999164,72.5023691371071,0.00670578615354907,2020-05-02,21.477593733418
33,18811223.0349208,25.8075178838721,107.585875312356,67.0131488329401,0.465578078284305,0.0560454123444871,88.0488603883089,0.00844639724878978,2020-05-03,26.3291413745009
34,18811193.2318183,29.8031025068746,125.650156270676,78.6053564100797,0.567543842851735,0.0680437569410157,107.079382507221,0.0105741405882778,2020-05-04,30.4386901066673
35,18811158.2183232,35.0134951754439,141.763606761455,92.0467278122628,0.681242447647061,0.0827383369452169,129.407059928954,0.0131768165364592,2020-05-05,35.7774759600362
36,18811117.854635,40.3636881956302,164.623407270451,106.25155038338,0.809605643762238,0.100325320832212,155.556988903092,0.0163627779138742,2020-05-06,41.2736191602247
37,18811070.8858004,46.9688345913775,186.556982594665,122.929223796364,0.951287287700354,0.121086876478093,185.748240889972,0.020253445630392,2020-05-07,48.0412087555559
38,18811016.3198276,54.5659727660413,203.820960280357,141.1085834712,1.11103925560197,0.145241132774358,220.682239049353,0.0249844675638907,2020-05-08,55.8222531544176
39,18810954.9889984,61.3308292078862,219.917229349907,159.026405434592,1.2890827162038,0.173167903109719,260.787287193628,0.0307042672962603,2020-05-09,62.7930798271997
40,18810887.1394074,67.8495910454911,236.933326232591,176.423783713508,1.47974032454588,0.205238007287537,305.993801048805,0.0375785834907477,2020-05-10,69.5345693773245
41,18810812.6782446,74.4611627518997,271.699252850341,193.712224450534,1.67752845224088,0.241612738683182,356.158219767769,0.0457924025595059,2020-05-11,76.3803039428238
42,18810728.9661584,83.7120862251055,302.782981040578,215.994232587047,1.87965310561746,0.282255303563994,411.252048323901,0.0555465265258417,2020-05-12,85.8739946342869
43,18810635.6089403,93.3572181029626,332.63077590258,240.791017884281,2.10132499926299,0.327029422456832,472.686733911306,0.0670528703088331,2020-05-13,95.7855725246824
44,18810532.2328523,103.376087998439,354.969499262387,267.030948772892,2.3459342728185,0.376343504782606,541.176767430884,0.0805297448699667,2020-05-14,106.09836577604
45,18810414.0891954,118.14365683443,378.693299063287,292.156248937873,2.61250691170286,0.430700283693745,617.1347115059,0.0962131206073527,2020-05-15,121.186864029827
46,18810286.1708029,127.918392534994,412.413606043429,316.881120427002,2.89129174627061,0.49053996640018,700.251153848253,0.114360326703216,2020-05-16,131.300224247665
47,18810146.9740484,139.19675448058,449.777901536626,344.176116344705,3.17654370387262,0.55593662615687,790.417077894719,0.135250732558757,2020-05-17,142.92923481061
48,18809995.4741093,151.499939099369,482.76986863988,374.34805500114,3.47398835452301,0.62680977759792,888.360865883594,0.159178281272599,2020-05-18,155.60073723149
49,18809831.9059814,163.568127936371,515.403748255494,405.325716071757,3.78911484101715,0.703276865198691,994.898585778715,0.186452062196006,2020-05-19,168.060519642587
50,18809656.1848994,175.721081999456,553.866616320408,436.776582441419,4.1189659262046,0.785611980609734,1110.26280145504,0.217397750156366,2020-05-20,180.625659906271
51,18809467.2842723,188.900627040066,589.519638539253,470.23087786887,4.46017388966887,0.873933452333311,1234.59162163901,0.252357524764686,2020-05-21,194.234734382068
52,18809265.3148978,201.969374557579,628.054830488611,504.313380951633,4.81549340122828,0.968196614902648,1368.45439239995,0.291683615154385,2020-05-22,207.75306457371
53,18809049.6985033,215.616394535233,666.22698756194,539.668080854696,5.18241047310216,1.06842494110873,1512.03273742504,0.335730750824874,2020-05-23,221.867229949444
54,18808820.2622319,229.436271365521,710.31269086227,575.827768521497,5.56129215451835,1.17453164661896,1665.68950594911,0.384854238224432,2020-05-24,236.172095166658
55,18808575.8832842,244.378947727091,753.745155282909,614.252032085856,5.95084825198461,1.28643294280831,1829.6557169469,0.439405588871523,2020-05-25,251.616228921884
56,18808316.2295418,259.653742328648,800.043138743942,654.107210182012,6.35519976576098,1.40399315931856,2004.57406065894,0.499730918003385,2020-05-26,267.412935253727
57,18808040.5382313,275.69131049382,847.150695082338,695.803189812831,6.77468896079835,1.52722448924002,2190.85267698169,0.566168594896049,2020-05-27,283.993223943859
58,18807748.2862102,292.252021090714,898.359660193197,739.045334218789,7.21100248802248,1.65615074028281,2389.01546527142,0.639052100793802,2020-05-28,301.119174319019
59,18807427.3919619,320.894248383801,962.579719693696,784.563713114139,7.66439157714075,1.79085573516847,2599.50352220938,0.71871106678105,2020-05-29,330.34949569611
60,18807085.3037391,342.088222810215,1030.64516517355,835.425429330588,8.13756069886736,1.93142852896098,2822.96407877366,0.805473700900096,2020-05-30,352.157212038043
61,18806720.2681119,365.035627178261,1103.2107448649,891.202496770068,8.64175554386478,2.07805105901377,3060.91204700637,0.899668140567355,2020-05-31,375.75543378114
62,18806330.4620409,389.806071008686,1178.81374559698,951.776282000592,9.18434552150138,2.23142055724047,3314.74341476176,1.00162595539858,2020-06-01,401.221837087427
63,18805914.316436,416.145604909898,1258.15542285665,1016.64412880729,9.77066162649849,2.39248211573483,3585.82203497615,1.11170892104994,2020-06-02,428.308748652131
64,18805470.2363129,444.080123017076,1343.76256755521,1085.64735574754,10.4030690532159,2.56229875269516,3875.3709503607,1.23032085108899,2020-06-03,457.045490822987
65,18804996.2178639,474.018449063171,1433.84885407582,1159.3945591949,11.0827315805027,2.74192695239773,4184.56902671731,1.35791286268591,2020-06-04,487.843107596072
66,18804472.9912294,523.226634456786,1547.40438695841,1237.81007209644,11.8124899073661,2.93237152662881,4514.76734060713,1.49498474442044,2020-06-05,537.971495890781
67,18803911.2356445,561.755584914771,1667.04443230009,1326.26559071689,12.5940603978924,3.1346478065831,4867.29641488443,1.6420846492808,2020-06-06,577.484293119246
68,18803307.7110122,603.524632336578,1794.27065493178,1423.63097412374,13.4448952923992,3.34974255009764,5245.00578634959,1.79980984414683,2020-06-07,620.319270179075
69,18802659.1061251,648.604887038587,1930.22678290578,1529.52802588908,14.374668664138,3.57937019696877,5650.42909576122,1.9688067131554,2020-06-08,666.558925899693
70,18801961.9588124,697.147312726217,2075.88072853599,1644.01338515119,15.3894861332004,3.82550231824585,6085.9951519606,2.14980875732255,2020-06-09,716.362301177663
71,18801212.6039755,749.354836877351,2232.12678523852,1767.4040548131,16.4940874026268,4.09016180398602,6554.1501603574,2.34365011827562,2020-06-10,769.939086083964
72,18800407.1365729,805.467402608365,2399.84367714099,1900.18197792457,17.6929720373475,4.37535038249268,7057.43105643947,2.55126841740626,2020-06-11,827.535725028206
73,18799512.5238584,894.612714505831,2608.78676892087,2042.94246355773,18.9909558490086,4.68304004839359,7598.51208462686,2.77370384523719,2020-06-12,918.286710403233
74,18798545.0019955,967.521862919266,2830.94098283166,2204.61226525173,20.3934326814577,5.0151925329909,8180.23690865595,3.01209781358081,2020-06-13,992.930488133714
75,18797497.9338594,1047.06813606526,3069.16883727904,2383.56332759637,21.9313018376121,5.37378892048147,8807.97406758497,3.26769261415867,2020-06-14,1074.37322682336
76,18796364.4356898,1133.49816959425,3325.76162391666,2579.45061627302,23.6228292061439,5.76206112732985,9486.63822230577,3.54183259796124,2020-06-15,1162.88305992773
77,18795137.2304511,1227.20523871832,3602.74925485144,2792.68233295586,25.4806674045766,6.18372484600975,10221.0504155739,3.83602851346351,2020-06-16,1258.86963096891
78,18793808.5471894,1328.68326171456,3902.07558557909,3024.13002515748,27.5155269432635,6.64264779435673,11016.1499178886,4.15198249701781,2020-06-17,1362.84143645218
79,18792370.0444763,1438.50271309092,4225.69955881825,3274.97161410021,29.7380575631749,7.14273694919845,11877.1248354844,4.49159603546137,2020-06-18,1475.38350760329
80,18790846.2360462,1523.80843011949,4542.16525663947,3546.60817000557,32.1597871383526,7.68793087767844,12809.4987122784,4.85697213066571,2020-06-19,1563.65614813552
81,18789203.5120434,1642.72400282873,4887.12775627344,3831.05305218541,34.793575611474,8.28223848755343,13819.1937922831,5.25041705794748,2020-06-20,1685.79981692775
82,18787433.6011507,1769.91089264526,5260.71643144425,4132.78868222659,37.6250296709309,8.92979496848471,14909.877342131,5.67444410290917,2020-06-21,1816.46571728467
83,18785527.3148336,1906.28631711469,5663.94090950038,4455.0537537539,40.6568452512814,9.63352731917162,16086.4812256706,6.13178016356418,2020-06-22,1956.57668968514
84,18783474.6242184,2052.69061518462,6098.36269178091,4800.45008431258,43.9007942625347,10.3961326074779,17354.8536500207,6.62530385930226,2020-06-23,2106.98754205464
85,18781264.6806534,2209.94356502187,6565.91691455156,5171.28225824579,47.3735410552557,11.2205463468376,18721.580927828,7.15803383794348,2020-06-24,2268.53765242396
86,18778885.803843,2378.87681035295,7068.81746172809,5569.74930330305,51.0945269720921,12.1101500333082,20193.9044490571,7.7331411246517,2020-06-25,2442.08148735835
87,18776353.5865139,2532.2173291348,7581.37265692091,5998.05449185279,55.0849606529844,13.068850519909,21779.6914292718,8.35397213465718,2020-06-26,2600.37114030769
88,18773634.2051941,2719.38131982075,8134.64750116958,6450.43111089606,59.3673912656441,14.1011007588361,23487.4365013046,9.02407577910691,2020-06-27,2792.84981184523
89,18770714.9539622,2919.25123191901,8729.71373043024,6931.63579431256,63.9413830525622,15.2118974552714,25324.0088761815,9.74723166076186,2020-06-28,2998.40451242685
90,18767582.0002284,3132.95373371588,9368.46353867185,7445.37234800278,68.8209415941817,16.4056006921389,27297.6227396679,10.5274781798795,2020-06-29,3218.1802760022
91,18764220.437126,3361.56310242925,10053.3227702324,7994.82697445768,74.0277367340888,17.68671403958,29417.5424737405,11.3690800337108,2020-06-30,3453.27755320292
92,18760614.2866141,3606.15051192345,10787.0953449314,8582.96863098147,79.5876310284106,19.0602391480041,31693.9378792588,12.2765358133642,2020-07-01,3704.79838209986
93,18756746.4742082,3867.81240590241,11572.8805063428,9212.71912131119,85.5289803399948,20.5318180942623,34137.823637124,13.2546038515675,2020-07-02,3973.87320433666
94,18752460.5307199,4285.94348830898,12552.2867038187,9887.05094628027,91.8818714319113,22.1077758413375,36761.046522574,14.3083354266065,2020-07-03,4399.93313558223
95,18747836.9578208,4623.5728991353,13589.4919697052,10648.546877767,98.6778448751894,23.795120687811,39576.3001312751,15.4431101978102,2020-07-04,4746.0458646983
96,18742846.6068558,4990.3509649244,14697.1309394025,11488.8169048753,106.068813703995,25.601531478467,42608.3231582519,16.6646717202968,2020-07-05,5122.02131010686
97,18737459.5838227,5387.0230331647,15884.9736999673,12405.4780585141,114.143488498029,27.5411160591304,45879.5135271941,17.9791623645453,2020-07-06,5528.70763772186
98,18731644.6167521,5814.96707057733,17161.3768517297,13399.619671352,122.961268988282,29.6305470127568,49411.6143295301,19.3934545617292,2020-07-07,5967.55888657837
99,18725368.6500467,6275.96670538049,18534.0930231413,14474.407438249,132.5700307295,31.8873240049025,53226.6897289562,20.9152834741812,2020-07-08,6440.42406011489
100,18718596.562842,6772.08720470068,20010.7250730776,15634.317606521,143.015262323799,34.3291161591931,57347.7096847386,22.5532904355857,2020-07-09,6949.43158318367
101,18711055.2898634,7541.27297857847,21834.6480250594,16884.7197410733,154.34461294693,36.9736301732558,61798.9199698811,24.3170327002527,2020-07-10,7732.59122169865
102,18702872.6330094,8182.65685400526,23778.8340085235,18298.9849664836,166.610047129231,39.8387160029874,66606.095141155,26.2169865451664,2020-07-11,8389.10561713748
103,18693990.6345782,8881.99843122124,25866.8798590869,19864.6561229178,180.07162857335,42.9425644812068,71815.7635660468,28.2645559545624,2020-07-12,9105.0126242758
104,18684349.3795597,9641.25501854796,28117.5977676481,21579.5771921096,194.886957212729,46.3137876283358,77470.9855193788,30.4720916310749,2020-07-13,9882.45576338903
105,18673885.8798285,10463.4997311499,30547.4981285792,23447.5830727029,211.167818962396,49.9851494294059,83614.2454472673,32.8534298173193,2020-07-14,10724.6526995417
106,18662533.3556553,11352.5241732481,33172.165684934,25476.1302335533,229.009689233678,53.9908328161886,90289.1366709711,35.4241084984952,2020-07-15,11635.524695298
107,18650220.7371192,12312.6185360588,36007.0225872482,27674.9975075752,248.50672363705,58.365482584988,97541.3820118803,38.2014431398002,2020-07-16,12619.4907422808
108,18637428.4739933,12792.263125937,38511.5649636837,30055.5761041481,269.759087460036,63.1440975813895,105419.490075667,41.2045534622674,2020-07-17,13125.1663109784
109,18623676.7279,13751.7460932181,41260.0067705603,32471.5729235742,292.87631370342,68.3622940794225,113975.212288263,44.4543850402964,2020-07-18,14112.9847010009
110,18608913.7825771,14762.9453229397,44234.3787186941,34982.5540252241,317.499714120698,74.0567012445132,123218.96739399,47.9737448865145,2020-07-19,15154.5017383049
111,18593080.1194788,15833.6630982953,47429.6478847241,37625.932511716,343.539844027603,80.2420241804112,133177.943773929,51.7873578785868,2020-07-20,16257.4449665033
112,18576110.3585666,16969.7609121585,50848.0808162673,40426.9940496623,371.042435459657,86.9269069806379,143889.889362488,55.9207377565422,2020-07-21,17427.7302545988
113,18557934.3115311,18176.0470355269,54496.1047469041,43404.4474145269,400.118060500263,94.1212869244715,155399.709957802,60.3998774834852,2020-07-22,18670.2863829516
114,18538477.5505435,19456.7609875764,58382.5500769376,46573.4923698037,430.906103095962,101.83940635794,167757.623055821,65.2513197009644,2020-07-23,19989.5064970303
115,18517661.7170134,20815.8335301568,62517.6549970029,49947.5088609302,463.556979214462,110.100695463607,181018.171946142,70.5023831210474,2020-07-24,21389.4912048349
116,18495404.6959529,22257.0210605089,66912.4888976488,53538.9791891139,498.22388790897,118.929680511532,195239.713832239,76.1814349605449,2020-07-25,22874.1746289294
117,18471620.7268654,23783.9690874786,71578.6039952528,57359.981966802,535.0593986703,128.355503409963,210484.166986596,82.3181591305981,2020-07-26,24447.3839895589
118,18446220.4918726,25400.2349928348,76527.8092547072,61422.4454075647,574.214375043357,138.411336564924,226816.89682868,88.9438001366523,2020-07-27,26112.8607044431
119,18419111.2051586,27109.2867140045,81772.0075883588,65738.2636539212,615.837924559198,149.133819825715,244306.673352733,96.0913773030639,2020-07-28,27874.2584583894
120,18390196.7186886,28914.4864699438,87323.0632954081,70319.3333540559,660.077704893023,160.562566655422,263025.661395154,103.795870477817,2020-07-29,29735.1267414922
121,18359377.6541966,30819.0644920268,93192.6811066546,75177.5419135862,707.080255955741,172.739748132394,283049.42127354,112.094380802232,2020-07-30,31698.884496115
122,18326551.5687724,32826.085424204,99392.2861880451,80324.7245453243,756.991204790391,185.709746212243,304456.906147933,121.026270570263,2020-07-31,33768.7863752066
123,18291613.1599768,34938.4087955757,105932.898901496,85772.5993058353,809.95527993728,199.51886127281,327330.447264156,130.633285754515,2020-08-01,35947.8829367858
124,18254454.515689,37158.6442877676,112825.000615712,91532.6849103555,866.116115392614,214.215057727042,351755.720823034,140.959663997329,2020-08-02,38238.9754608872
125,18214965.4135214,39489.1021676755,120078.38828952,97616.2036893981,925.61584365997,229.847732519847,377821.691568774,152.052230022018,2020-08-03,40644.5657438553
126,18173033.6744261,41931.7390952167,127702.016410566,104033.970724422,988.59448464188,246.467493169082,405620.528856684,163.960479628584,2020-08-04,43166.8010730277
127,18128545.5749559,44488.0994702593,135703.82544132,110796.269498654,1055.18913859908,264.125933976695,435247.491254079,176.736652741999,2020-08-05,45807.4145428351
128,18081386.322444,47159.2525118725,144090.556359757,117912.714060818,1125.53299044763,282.875400828135,466800.775824006,190.43579538567,2020-08-06,48567.6609031483
129,18031440.5971,49945.7253440372,152867.551274124,125392.09758228,1199.75413097877,302.768736520042,500381.328241429,205.11580994904,2020-08-07,51448.2482115361
130,17978593.1646176,52847.4324823345,162038.540491604,133242.227216371,1277.97419902646,323.858999806231,536092.609858115,220.837492692573,2020-08-08,54449.2656811672
131,17922729.5623496,55863.6022680213,171605.416858584,141469.745303236,1360.30684758656,346.199152370349,574040.317806787,237.664557071527,2020-08-09,57570.1082679782
132,17863736.8613763,58992.7009733721,181567.998680474,150079.937184803,1446.85603659788,369.841708774938,614332.054247208,255.663641150071,2020-08-10,60809.3987187449
133,17801504.5058766,62232.3554996363,191923.783076669,159076.526192563,1537.71415561211,394.838345158197,657076.940931532,274.9042971103,2020-08-11,64164.9080004066
134,17735925.2300763,65579.275800351,202667.692228851,168461.456740264,1632.9599809353,421.239463105059,702385.17542521,295.458960630252,2020-08-12,67633.4752443913
135,17666896.0516952,69029.1783810976,213791.815629515,178234.666889633,1732.65647402138,449.093705756659,750367.525583459,317.40289770774,2020-08-13,71210.9285608756
136,17594319.339251,72576.7124441179,225285.152118402,188393.852254044,1836.84843092358,478.447423884332,801134.759270615,340.814126341602,2020-08-14,74892.0082989258
137,17518103.9487974,76215.3904536597,237133.356188151,198934.223654401,1945.55999642987,509.344090377342,854797.006838161,365.773310349948,2020-08-15,78670.2945404669
138,17438166.4237114,79937.5250859524,249318.493724022,209848.261532101,2058.79206107191,541.823662408314,911463.05456171,392.363622509252,2020-08-16,82538.1408094326
139,17354432.249025,83734.1746864301,261818.812989498,221125.47074107,2176.51956442706,575.921891471467,971239.568089643,420.670574143147,2020-08-17,86486.6161423287
140,17266837.1495487,87595.0994763155,274608.537251152,232752.139966533,2298.68873392474,611.669582554515,1034230.24598412,450.781808281575,2020-08-18,90505.4577927948
141,17175328.4187273,91508.7308214313,287657.685922366,244711.11063124,2425.21429458689,649.091804917216,1100534.90464133,482.786853556327,2020-08-19,94583.0369209354
142,17079866.2628379,95462.1558893516,300931.931465996,256981.560726689,2555.97669160989,688.207058312236,1170248.49725864,516.776836105577,2020-08-20,98706.3396392738
143,16980425.1428688,99441.119969104,314392.499501692,269538.809521906,2690.8193742352,729.026399993777,1243460.07106169,552.844146935745,2020-08-21,102860.965743333
144,16876995.0942644,103430.048604403,327996.119587214,282354.149528946,2829.54619573195,771.552539504318,1320251.66869702,591.082062441795,2020-08-22,107031.14733964
145,16769583.0027719,107412.091492473,341695.033961056,295394.712415777,2971.91899027934,815.778909989363,1400697.18151011,631.584316124308,2020-08-23,111199.789392742
146,16658213.8129484,111369.189823546,355437.071126673,308623.375727657,3117.65539282375,861.688726634805,1484861.16433312,674.444619970074,2020-08-24,115348.533943004
147,16542931.6445673,115282.168381083,369165.790512868,321998.717283608,3266.42697232191,909.254044713603,1572797.62335996,719.75613448772,2020-08-25,119457.849398119
148,16423800.7912753,119130.853292024,382820.703552882,335475.023934016,3417.85775189065,958.434831621591,1664548.79064256,767.610887014683,2020-08-26,123507.145875536
149,16300906.5754606,122894.215814706,396337.575385958,349002.360981505,3571.52319100045,1009.17806912295,1760143.90064847,818.099138638001,2020-08-27,127474.917074829
150,16174356.0334737,126550.541986906,409648.810006494,362526.70796773,3726.9497047242,1061.41690375407,1859597.986118,871.308700897783,2020-08-28,131338.908595384
151,16044278.4061365,130077.627337127,422683.920081866,375990.165706555,3883.61479296395,1115.06986488535,1962910.71208809,927.324204364684,2020-08-29,135076.311994976
152,15910825.410936,133452.995200558,435370.080852553,389331.238398556,4040.94784834139,1170.04017124498,2070065.26834639,986.226322193927,2020-08-30,138663.983220144
153,15774171.2744454,136654.136490604,447632.765546608,402485.193398566,4198.33170491285,1226.21514769709,2181027.34167926,1048.09095284747,2020-08-31,142078.683343214
154,15634512.5063726,139658.768072779,459396.457621032,415384.499739477,4355.10498096974,1283.46577466851,2295744.19001919,1112.98836732835,2020-09-01,145297.338828417
155,15492067.4001854,142445.106187184,470585.432928093,427959.344861068,4510.56525788112,1341.64639276604,2414143.84092257,1180.98232746862,2020-09-02,148297.317837831
156,15347075.2494979,144992.150687529,481124.602644571,440138.227178111,4663.97312326357,1400.59458475651,2536134.43666364,1252.12918303289,2020-09-03,151056.718395549
157,15199795.2742684,147279.975229528,490940.405552472,451848.620180239,4814.55709082913,1460.13125613873,2661603.74757061,1326.47695661735,2020-09-04,153554.663576496
158,15050505.2562959,149290.017972473,499961.73608397,463017.701726332,4961.51939124217,1520.06093397187,2790418.87401735,1404.06442651065,2020-09-05,155771.598297687
159,14899499.8894157,151005.366880144,508120.892511562,473573.140124784,5104.04260846709,1580.17230140384,2922426.1556945,1484.92021880582,2020-09-06,157689.581790015
160,14747088.8560676,152411.033348104,515354.527854042,483443.926530877,5241.29711474535,1640.23898244297,3057451.30440444,1569.06192107733,2020-09-07,159292.569445292
161,14593594.6483951,153494.207672488,521604.584563846,492561.241203756,5372.44923492607,1700.02058793201,3195299.77365883,1656.49523082822,2020-09-08,160566.677495347
162,14439350.1585562,154244.489838979,526819.192949839,500859.339314937,5496.67004789974,1759.26402942779,3335757.37482436,1747.2131526305,2020-09-09,161500.423916307
163,14284696.0692799,154654.08927625,530953.51266133,508276.440360898,5613.14470995484,1817.70510279856,3478591.14550197,1841.19525839218,2020-09-10,162084.939089003
164,14129978.0816726,154717.987607317,533970.496499422,514755.603881786,5721.0821626869,1875.07033788309,3623550.47129544,1938.40702544726,2020-09-11,162314.140107887
165,13975544.0226137,154434.059058941,535841.556405966,520245.573206601,5819.72506742085,1931.07910459687,3770368.45720987,2038.79926714875,2020-09-12,162184.863230959
166,13821740.8785571,153803.144056557,536547.112764864,524701.568410875,5908.3597898118,1985.44595953595,3918763.53972276,2142.30767031768,2020-09-13,161696.949805905
167,13668911.8059272,152829.072629854,536077.010165743,528086.009658256,5986.32624326603,2037.88321056209,4068441.32521695,2248.85245323766,2020-09-14,160853.282083682
168,13517393.1703708,151518.635556487,534430.78552171,530369.152662679,6053.02738898123,2088.103670227,4219096.63510404,2358.33815686781,2020-09-15,159659.766615695
169,13367511.6677339,149881.502636871,531617.777856826,531529.619194991,6107.93818461464,2135.8235624091,4370415.73276196,2470.65358056671,2020-09-16,158125.264383895
170,13219581.5786686,147930.089065264,527657.073096821,531554.807384112,6150.61377362573,2180.76554041638,4522078.70253978,2585.67187187697,2020-09-17,156261.468379307
171,13073902.2061962,145679.372472463,522577.281676576,530441.169015201,6180.6967138217,2222.66176929327,4673761.94672638,2703.25077782864,2020-09-18,154082.730955578
172,12930755.5414098,143146.664786394,516416.151548926,528194.344059061,6197.92305695018,2261.25702040453,4825140.76271735,2823.23306280336,2020-09-19,151605.844863748
173,12790404.1969012,140351.344508575,509220.024038831,524829.146195657,6202.1271114386,2296.31172279581,4975891.95981004,2945.44709530202,2020-09-20,148849.783342809
174,12653089.6406414,137314.556259798,501043.144713471,520369.397003533,6193.24474734443,2327.60491357396,5125696.47325291,3069.70760302705,2020-09-21,145835.405920716
175,12519030.7552018,134058.885439562,491946.845806029,514847.610629422,6171.31513566546,2354.93702880022,5274241.93248091,3195.81659259496,2020-09-22,142585.137604028
176,12388422.7386842,130608.016517592,481998.6205242,508304.534959053,6136.48085240796,2378.13247729159,5421225.14095106,3323.56442701114,2020-09-23,139122.629847291
177,12261436.3548862,126986.383798072,471271.112606214,500788.559398721,6088.98631992988,2397.04194236347,5566354.42667101,3452.73105085513,2020-09-24,135472.412060365
178,12138217.5314303,123218.823455907,459841.046611411,492355.003163857,6029.17460248465,2411.54436093418,5709351.82535628,3583.08735003384,2020-09-25,131659.542419326
179,12018887.2961804,119330.235249819,447788.125555158,483065.30128244,5957.48261780659,2421.54853548461,5849955.06207387,3714.39663005744,2020-09-26,127709.26640311
180,11903542.034579,115345.261601425,435193.922584312,472986.108207423,5874.43487011329,2426.99434197961,5987919.30209824,3846.41619417433,2020-09-27,123646.690813517
181,11792254.0438358,111287.990743189,422140.792464786,462188.340875737,5780.63585018275,2427.8535057905,6123018.64734248,3978.89900045352,2020-09-28,119496.480099163
182,11685072.3543903,107181.689445548,408710.826799783,450746.184175451,5676.7612834507,2424.12992761846,6255047.36092357,4111.59537510619,2020-09-29,115282.580656617
183,11582023.7848827,103048.569507601,394984.874247814,438736.082056107,5563.54843586976,2415.85955206094,6383820.80894267,4244.25475805514,2020-09-30,111027.977495532
184,11483114.1940708,98909.5908119103,381041.643733211,426235.736955523,5441.78570841707,2403.10978240129,6509176.1151689,4376.62745603995,2020-10-01,106754.486302729
185,11388329.8916962,94784.3023745223,366956.904932232,413323.138879093,5312.30176387936,2385.97845603306,6630972.53076936,4508.46637841178,2020-10-02,102482.582594435
186,11297639.1701652,90690.7215310203,352802.79637777,400075.643452457,5175.95443357957,2364.59240525396,6749091.52730974,4639.52873123199,2020-10-03,98231.2683698539
187,11210993.9199242,86645.2502410527,338647.247552945,386569.115703325,5033.61964718541,2339.10563760754,6863436.6267637,4769.57764632531,2020-10-04,94017.9755258456
188,11128331.2934176,82662.6265066085,324553.517519098,372877.153360953,4886.180616232,2309.69717818199,6973932.98705971,4898.38372351324,2020-10-05,89858.5043010225
189,11049575.3853099,78755.9081076278,310579.849099969,359070.400249474,4734.51748244106,2276.56862302898,7080526.7656441,5025.72646631182,2020-10-06,85766.9942130978
190,10974638.9000375,74936.4852723937,296779.234540777,345215.957050046,4579.49761656469,2239.94145794597,7183184.28657854,5151.39559384409,2020-10-07,81755.9243469043
191,10903424.7815208,71214.118516736,283199.285961068,331376.89346213,4421.966723756,2200.05420016102,7281891.03879283,5275.19221450973,2020-10-08,77836.139440653
192,10835827.7838289,67596.9976919452,269882.201868937,317611.862733776,4262.74087890515,2157.15942193756,7376650.53429286,5396.92984997542,2020-10-09,74016.8979927879
193,10771735.9655738,64091.8182550954,256864.819512941,303974.816758756,4102.59958151505,2111.52071482883,7467483.05543224,5516.43530120515,2020-10-10,70305.9385514393
194,10711032.0946831,60703.8708906647,244178.741897947,290514.817532206,3942.27988597575,2063.40965137575,7554424.31987321,5633.54935144069,2020-10-11,66709.5604280162
195,10653594.9538433,57437.1408398447,231850.527840042,277275.938766322,3782.47163082724,2013.10279763958,7637524.09069299,5748.12730417836,2020-10-12,63232.7152683115
196,10599300.5402389,54294.4136044034,219901.933423904,264297.249917263,3623.81376086033,1960.8788253173,7716844.75735188,5860.03935718313,2020-10-13,59879.1061905811
197,10548023.1561813,51277.3840576044,208350.193583278,251612.873763619,3466.89170953672,1907.01576656079,7792459.91105465,5969.1708163631,2020-10-14,56651.2915337019
198,10499636.3897907,48386.7663905554,197208.333176226,239252.107985447,3312.2357867968,1851.78844828296,7864452.93553198,6075.4221558352,2020-10-15,53550.7906256352
199,10454013.9870635,45622.402727196,186485.497796726,227239.600885085,3160.32049920043,1795.46613595919,7932915.63156209,6178.70893270031,2020-10-16,50578.1893623556
200,10411030.6184258,42983.3686377331,176187.295582113,215595.571419624,3011.56471561116,1738.31040998211,7997946.89075528,6278.96156688253,2020-10-17,47733.2437633264
201,10370562.5442702,40468.0741555812,166316.14237818,204336.064026219,2866.33258218473,1680.57329074229,8059651.43132989,6376.12499785405,2020-10-18,45014.9800285082
202,10332488.1850227,38074.3592474705,156871.603755794,193473.229258773,2724.93508498949,1622.49562199525,8118138.60589983,6470.15823116193,2020-10-19,42421.7899544552
203,10296688.6020282,35799.5829944988,147850.728489531,183015.62196175,2587.63215677335,1564.30571591041,8173521.28873467,6561.03378840341,2020-10-20,39951.5208671825
204,10263047.8960177,33640.7060105312,139248.369175096,172968.509531069,2454.6352257203,1506.2182576155,8225914.84759339,6648.73707468143,2020-10-21,37601.559493867
205,10231453.5301648,31594.3658528642,131057.486652433,163334.183705443,2326.11010797902,1448.43346214656,8275436.2031048,6733.2656776382,2020-10-22,35368.9094229898
206,10201796.5847952,29656.9453695908,123269.43579817,154112.270252504,2202.18015175614,1391.13647254885,8322202.9767931,6814.62861194625,2020-10-23,33250.2619938958
207,10173971.9507142,27824.6340810463,115874.231044519,145300.031828168,2082.92954831601,1334.49698447256,8366332.72723293,6892.84552266975,2020-10-24,31242.0606138348
208,10147878.4679019,26093.482812328,108860.790668163,136892.660167289,1968.40673382332,1278.66907996555,8407942.27246393,6967.94586023539,2020-10-25,29340.5586261169
209,10123419.016018,24459.4518838908,102217.159472904,128883.554588101,1858.62781515916,1223.7912512527,8447147.09569097,7039.96803891136,2020-10-26,27541.8709503026
210,10100500.5627864,22918.4532315305,95930.7099686858,121264.584547569,1753.57996224917,1169.98659406059,8484060.83042653,7108.95858972535,2020-10-27,25842.0197878403
211,10079034.1759169,21466.3868695651,89988.3225340747,114026.33466065,1653.22471874376,1117.36314943172,8518794.82057779,7174.97131769638,2020-10-28,24236.9747377405
212,10058935.0037815,20099.172135392,84376.5453483059,107158.331189046,1557.50119182719,1066.01437290249,8551457.75051956,7238.06647214436,2020-10-29,22722.6877001217
213,10040122.2296182,18812.7741632586,79081.7351022266,100649.249513754,1466.3290903108,1016.01971031433,8582155.33990273,7298.30993770882,2020-10-30,21295.1229638837
214,10022519.0035852,17603.2260330681,74090.179654921,94487.1025328698,1379.61158784809,967.445260307553,8610990.09780158,7355.77245258006,2020-10-31,19950.2828812238
215,10006052.3565561,16466.6470290599,69388.2039042634,88659.4102761996,1297.23799500804,920.344504634698,8638061.13077972,7410.52885934652,2020-11-01,18684.2295287026
216,9990653.09913056,15399.2574255354,64962.2601944697,83153.3513072832,1219.08623001515,874.759088749302,8663463.99953138,7462.65739280948,2020-11-02,17493.1027442998
217,9976255.70893615,14397.39019441,60799.0046004706,77955.8966984247,1145.02508320054,830.719636608841,8687290.61891228,7512.23900812627,2020-11-03,16373.1349142194
218,9962798.2089323,13457.5000038478,56885.3604153842,73053.9275226787,1074.9162746293,788.246585215573,8709629.19639333,7559.35675172637,2020-11-04,15320.6628636926
219,9950222.0390824,12576.1698499021,53208.5701303521,68434.336915975,1008.61630801516,747.351026052304,8730564.20423586,7604.09517660871,2020-11-05,14332.1371839695
220,9938471.92344743,11750.1156349631,49756.2371414408,64084.1178300182,945.978126961406,708.03554220618,8750176.38098432,7646.53980287843,2020-11-06,13404.1293041307
221,9927495.73446871,10976.1889787211,46516.3583512484,59990.4376291881,886.852581842796,670.295031574848,8768542.75818898,7686.77662371823,2020-11-07,12533.3365921387
222,9917244.35594882,10251.3785198928,43477.3487574941,56140.7006887842,831.089717338499,634.1175080856,8785736.70859833,7724.89165641323,2020-11-08,11716.5857453169
223,9907671.54600823,9572.80994058498,40628.0590406587,52522.6001333689,778.539891813579,599.484874306681,8801828.01238932,7760.97053755658,2020-11-09,10950.8347067052
224,9898733.80108806,8937.74492017933,37957.7870804704,49124.1598177676,729.054740499103,566.37366017406,8816882.93832714,7795.0981611521,2020-11-10,10233.1733208525
225,9890390.22188582,8343.57920223793,35456.2842488717,45933.7676039208,682.487994806526,534.755723785904,8830964.33706006,7827.35835799491,2020-11-11,9560.82292083036
226,9882602.38194957,7787.83993624521,33113.7572467375,42940.2009280561,638.696170195382,504.598911324584,8844131.74405493,7857.833614446,2020-11-12,8931.13501776517
227,9875334.19951349,7268.18243608283,30920.8661742914,40132.6455877289,597.539134852616,475.867674150307,8856441.48996223,7886.60482851515,2020-11-13,8341.58924508575
228,9868551.81303452,6782.38647896507,28868.7194517672,37500.7086098291,558.880571089714,448.523641972751,8867946.81646505,7913.75110102301,2020-11-14,7789.79069202754
229,9862223.46078242,6328.35225210705,26948.8661379783,35034.4259907737,522.588340865933,422.526151751177,8878697.99591195,7939.34955951979,2020-11-15,7273.46674472416
230,9856319.36474283,5904.0960395833,25153.2861304396,32724.266030522,488.534766242406,397.832732605476,8888742.45326003,7963.47521258967,2020-11-16,6790.46353843119
231,9850811.61901426,5507.74572857346,23474.3786717008,30561.1289140496,456.596834896277,374.399547547633,8898124.88906065,7986.20083215941,2020-11-17,6338.74211101737
232,9845674.08281188,5137.5362023825,21904.9495326047,28536.3431284966,426.65634010478,352.181793273588,8906887.40240745,8007.59686145193,2020-11-18,5916.37433576086
233,9840882.27813472,4791.80467715953,20438.19719419,26641.6592420613,398.599963869341,331.134059598192,8915069.61293455,8027.73134627423,2020-11-19,5521.53870062707
234,9836413.29210471,4468.98603001086,19067.6983057357,24869.2415123257,372.319311108083,311.210650379991,8922708.7811036,8046.66988740024,2020-11-20,5152.51599149893
235,9832245.68394661,4167.60815810181,17787.3926567508,23211.6577373567,347.710902116184,292.365867976955,8929839.92615256,8064.47561189685,2020-11-21,4807.68492819495
236,9828359.39654534,3886.28740126216,16591.5678652878,21661.8677127766,324.676129788579,274.55426340768,8936495.94119731,8081.20916134347,2020-11-22,4485.51779445842
237,9824735.67249089,3623.72405445003,15474.8439534866,20213.2106120454,303.12118742673,257.730854473488,8942707.70508193,8096.92869500586,2020-11-23,4184.57609635025
238,9821356.9744998,3378.69799109453,14432.1579534493,18859.3915653891,282.956972316392,241.851314132925,8948504.19066403,8111.68990614318,2020-11-24,3903.50627754385
239,9818206.91008606,3150.06441373885,13458.7486620791,17594.4676749985,264.098969670164,226.872131418764,8953912.56930128,8125.54604974853,2020-11-25,3641.03551482778
240,9815270.1603416,2936.74974446058,12550.1416421003,16412.8336701256,246.467120979195,212.750747155213,8958958.31137315,8138.54798014598,2020-11-26,3395.96761259499
241,9812532.41267742,2737.74766417976,11702.1345478085,15309.2073753005,229.985680313356,199.44566667567,8963665.28273075,8150.74419699003,2020-11-27,3167.17901116879
242,9809980.29737031,2552.11530710862,10910.7828379141,14278.6151378436,214.583061648185,186.916551664233,8968055.83701755,8162.18089833394,2020-11-28,2953.61492042103
243,9807601.32775612,2378.96961418779,10172.3859238662,13316.3773369015,200.191679878812,175.124293151951,8972150.90384579,8172.90203955041,2020-11-29,2754.28558721856
244,9805383.84390879,2217.48384733631,9483.47379004864,12418.094075136,186.747787804097,164.031067595571,8975970.07284889,8182.94939700172,2020-11-30,2568.26270273598
245,9803316.95964412,2066.88426466591,8840.79411199109,11579.6311357011,174.191311026265,153.600377855691,8979531.6736591,8192.36263546374,2020-12-01,2394.67595354787
246,9801390.51268869,1926.44695543024,8241.29989004079,10797.1062710015,162.465682409918,143.797080775833,8982852.85188393,8201.17937841137,2020-12-02,2232.70971861599
247,9799595.01785634,1795.49483235524,7682.13760860115,10066.875875711,151.517677476943,134.587402946374,8985949.64117382,8209.43528036877,2020-12-03,2081.59991277856
248,9797921.62307824,1673.39477809426,7160.63592490018,9385.52208442686,141.29725187775,125.938946119667,8988837.03148908,8217.16410061856,2020-12-04,1940.63097609167
249,9796362.0681364,1559.55494183748,6674.29488614886,8749.84032392642,131.757381871929,117.820683626672,8991529.03368563,8224.39777764766,2020-12-05,1809.13300733608
250,9794908.64595485,1453.42218155458,6220.77566975397,8156.82734111124,122.853908570182,110.202949032303,8994038.74054816,8231.16650378557,2020-12-06,1686.47903915707
251,9793554.16630791,1354.47964693561,5797.89083783965,7603.66972017029,114.545386531714,103.0574181576,8996378.38440509,8237.49879956201,2020-12-07,1572.08245162492
252,9792291.92181011,1262.2444977989,5403.59509459925,7087.73289613131,106.792937174901,96.3570854924485,8998559.39146437,8243.42158737668,2020-12-08,1465.39452046625
253,9791115.65605758,1176.2657525369,5035.97653284963,6606.55066664097,99.5601073416682,90.0762359235044,9000592.43301079,8248.96026413328,2020-12-09,1365.90209580207
254,9790019.53379652,1096.12226105477,4693.24835450851,6157.81519939471,92.8127332555949,84.1904126086219,9002487.47360643,8254.13877254437,2020-12-10,1273.12540691898
255,9788998.11299991,1021.42079661008,4373.74104848951,5739.36752900877,86.5188100283695,78.6763817415951,9004253.81643522,8258.97967086228,2020-12-11,1186.61598838004
256,9788046.31873894,951.794260971006,4075.89500864244,5349.18853418452,80.6483667971166,73.5120948695736,9005900.14593099,8263.50420083543,2020-12-12,1105.9547226377
257,9787159.41874158,886.899997366179,3798.25357380338,4985.39038366584,75.1733475146988,68.6766493500232,9007434.56782562,8267.73235372858,2020-12-13,1030.7499942309
258,9786333.00053578,826.41820579233,3539.45647170953,4646.20843765167,70.0674973649122,64.1502474645228,9008864.64675101,8271.68293428054,2020-12-14,960.635950621765
259,9785562.95008042,770.050455368463,3298.23364843543,4329.99358992342,65.306254733241,59.9141546428254,9010197.44152461,8275.37362250393,2020-12-15,895.270864744529
260,9784845.43179184,717.518288571092,3073.39946508262,4035.20503491777,60.8666486303492,55.9506571922739,9011439.53824433,8278.82103325878,2020-12-16,834.335594393715
261,9784176.8698795,668.561912348591,2863.84724367235,3760.4034432615,56.7272014387069,52.2430198745807,9012597.08131396,8282.04077355564,2020-12-17,777.532133661878
262,9783553.93090821,622.938971289236,2668.54414452267,3504.24452883701,52.8678368317584,48.7754436239007,9013675.80251567,8285.04749756497,2020-12-18,724.582251744895
263,9782973.50751,580.423398203148,2486.52635781404,3265.47299022271,49.2697926990061,45.5330236567304,9014681.04824154,8287.85495932706,2020-12-19,675.226214558885
264,9782432.70317233,540.804337669737,2316.89459254076,3042.91680931197,45.915538898581,42.5017081851755,9015617.80499082,8290.47606317286,2020-12-20,629.221584753494
265,9781928.81803404,503.8851382968,2158.80984659252,2835.48189002704,42.7886996506591,39.6682579102208,9016490.72323517,8292.9229118787,2020-12-21,586.34209585768
266,9781459.3356244,469.482409632692,2011.48944229626,2642.14702028099,39.8739803799016,37.0202064405192,9017304.13974887,8295.20685258935,2020-12-22,546.376596453113
267,9781021.91048454,437.425139867323,1874.20331236137,2461.95914067659,37.157098812449,34.5458217545879,9018062.09849657,8297.33852055288,2020-12-23,509.12806043436
268,9780614.35661389,407.553870649438,1746.27052180064,2294.02890384717,34.6247201324677,32.2340687998772,9018768.37016607,8299.32788071871,2020-12-24,474.412659581783
269,9780234.63668835,379.719925535681,1627.05601203721,2137.52650882023,32.2643960044488,30.0745733006822,9019426.47042949,8301.18426725602,2020-12-25,442.058894840812
270,9779880.85199958,353.784688770268,1515.96755404626,1991.6777953078,30.0645072700855,28.0575868280416,9020039.67701117,8302.91642105484,2020-12-26,411.906782868395
271,9779551.23306831,329.618931272018,1412.45289801478,1855.76058338287,28.0142101323185,26.1739531683593,9020611.04563698,8304.5325252757,2020-12-27,383.807094572696
272,9779244.13088743,307.102180877456,1315.99710762731,1729.10124457962,26.1033856438105,24.4150760132638,9021143.42493495,8306.04023901665,2020-12-28,357.62064253453
273,9778958.00875338,286.122134054321,1226.12006769783,1611.07149104664,24.3225923224819,22.7728879809722,9021639.47035367,8307.44672916794,2020-12-29,333.217614357775
274,9778691.43464692,266.574106458821,1142.37415446409,1501.08536997985,22.6630217226417,21.239820968943,9022101.65716068,8308.75870052636,2020-12-30,310.476949150405
275,9778443.07412706,248.360519862195,1064.34205843873,1398.59645115858,21.1164567965333,19.808777828704,9022532.29257974,8309.98242424097,2020-12-31,289.285754487432
276,9778211.68370394,231.390423117562,991.634750269698,1303.09519600026,19.6752328876556,18.4731053462542,9022933.52712215,8311.12376466264,2021-01-01,269.538761351472
277,9777996.10465896,215.579044976565,923.889580600168,1214.10649713111,18.3322012039242,17.2265685052022,9023307.36516419,8312.18820466859,2021-01-02,251.137814685691
278,9777795.25728226,200.847376697128,860.768505433279,1131.18737803935,17.0806946255045,16.0633260046798,9023655.67481936,8313.18086953259,2021-01-03,233.991397327312
279,9777608.13549976,187.121782508783,801.956429000905,1053.92484293178,15.9144957089209,14.9779069999214,9023980.19715145,8314.10654941013,2021-01-04,218.014185217625
280,9777433.80186363,174.333636120604,747.159656606406,981.933867450969,14.8278067557565,13.9651890301123,9024282.55477128,8314.96972050613,2021-01-05,203.126631906473
281,9777271.38288207,162.418981569138,696.104450360239,914.855521428302,13.815221820864,13.0203770955736,9024564.2598575,8315.77456499123,2021-01-06,189.254580485575
282,9777120.06466526,151.318216809804,648.535681153945,852.355215346355,12.8717005414693,12.1389838444669,9024826.72163939,8316.52498973069,2021-01-07,176.32890119574
283,9776979.0888667,140.975798555564,604.215570623087,794.121062661718,11.9925436748428,11.3168108278939,9025071.25337688,8317.22464388781,2021-01-08,164.285153058301
284,9776847.74889974,131.339966961143,562.922517233571,739.862350596422,11.1733702383026,10.5499307814347,9025299.07887121,8317.87693546161,2021-01-09,153.06326798088
285,9776725.3864109,122.362488840256,524.450000989114,689.308112442196,10.4100961512038,9.83467089076884,9025511.33853707,8318.48504681643,2021-01-10,142.607255882228
286,9776611.38799271,113.998418187171,488.605561600981,642.20579483707,9.69891428422113,9.16759699897181,9025709.09506557,8319.05194925862,2021-01-11,132.864929470363
287,9776505.18211986,106.205872852867,455.209845285394,598.320013868588,9.03627582666581,8.54549871333471,9025893.33870499,8319.58041671337,2021-01-12,123.787647392867
288,9776406.23629356,98.9458263002663,424.095715659774,557.431394232501,8.41887288776737,7.96537537006184,9026064.992185,8320.07303855237,2021-01-13,115.330074558096
289,9776314.05438013,92.1819134327218,395.107424497104,519.335486030769,7.84362225280944,7.42442281591629,9026224.91530792,8320.53223162065,2021-01-14,107.449958501447
290,9776228.17413057,85.8802495553825,368.099838368998,483.841754128514,7.30765021972829,6.92002096677209,9026373.9092295,8320.96025150887,2021-01-15,100.107920741883
291,9776148.16486898,80.0092615904854,342.93771746317,450.772635307011,6.80827844627051,6.44972210405755,9026512.72044984,8321.35920311491,2021-01-16,93.2672621408135
292,9776073.62533826,74.5395307251959,319.495043100906,419.962658749389,6.34301074206528,6.01123987120945,9026642.04453401,8321.73105053665,2021-01-17,86.8937813384706
293,9776004.18169253,69.4436457246153,297.654390705407,391.257625678261,5.90952074400211,5.60243893347683,9026762.52958033,8322.07762633556,2021-01-18,80.9556054020943
294,9775939.48562634,64.696066193149,277.306345183396,364.513844230701,5.50564041712382,5.22132526569384,9026874.77945362,8322.40064020881,2021-01-19,75.4230318759667
295,9775879.21263122,60.2729951147972,258.348955880849,339.597415906555,5.12934932685375,4.86603703396466,9026979.35679878,8322.70168710556,2021-01-20,70.2683814756156
296,9775823.06037118,56.1522600472827,240.68722845979,316.383570161711,4.77876463178351,4.53483603855367,9027076.78584997,8322.98225482115,2021-01-21,65.4658607176198
297,9775770.74716879,52.3132023864295,224.232651217511,294.756043939534,4.45213174946061,4.22609968663709,9027167.55504878,8323.24373110123,2021-01-22,60.9914338225272
298,9775722.01059463,48.7365741560367,208.90275353305,274.606503141664,4.14781565064275,3.93831346493588,9027252.11948455,8323.48741028591,2021-01-23,56.8227032716153
299,9775676.60615282,45.404441814807,194.620694278728,255.834003234716,3.86429274033547,3.67006388360504,9027330.90316878,8323.7144995225,2021-01-24,52.9387984387475
300,9775634.30605621,42.3000966058449,181.314878177902,238.344486372658,3.60014328661025,3.42003186409208,9027404.30115477,8323.9261245736,2021-01-25,49.3202717565472
301,9775594.89808521,39.4079710059803,168.918598224106,222.050312586434,3.35404436071977,3.18698654499144,9027472.68151309,8324.12333524608,2021-01-26,45.9490019116915
302,9775558.18452434,36.713560861836,157.369702402221,206.869822753445,3.12476325439369,2.96977948120629,9027536.38717256,8324.30711046457,2021-01-27,42.808103597436
303,9775523.98117152,34.2033528272736,146.610283069611,192.726931210381,2.91115134241982,2.76733921297956,9027595.7376359,8324.4783630121,2021-01-28,39.881843382673
304,9775492.11641477,31.8647567427408,136.58638746486,179.550746014128,2.71213836069998,2.57866618256989,9027651.03057851,8324.637943959,2021-01-29,37.1555612860107
305,9775462.43037215,29.6860426212269,127.247747914245,167.275214987776,2.52672707192413,2.40282797752109,9027702.54333836,8324.78664679992,2021-01-30,34.6155976706721
306,9775434.77409022,27.65628192811,118.547530401929,155.838795812473,2.35398829283853,2.23895488060578,9027750.53430433,8324.92521131762,2021-01-31,32.2492251015543
307,9775409.00879736,25.7652928632633,110.442100259342,145.184148541663,2.19305625879958,2.08623570761205,9027795.24420994,8325.0543271912,2021-02-01,30.0445848296749
308,9775385.00520799,24.0035893734668,102.89080381287,135.257849022502,2.0431243029124,1.94391391518689,9027836.89733885,8325.17463736512,2021-02-02,27.9906275915661
309,9775362.64287435,22.3623336415413,95.8557649070512,126.010121810502,1.90344082855768,1.81128396194986,9027875.70264821,8325.28674119457,2021-02-03,26.0770584320489
310,9775341.80958253,20.8332918157615,89.3016952934108,117.394591258044,1.77330555551811,1.68768790704742,9027911.85481533,8325.3911973817,2021-02-04,24.2942852783271
311,9775322.40078977,19.4087927591045,83.1957179431689,109.368049545836,1.65206602123312,1.57251223122985,9027945.53521303,8325.48852671624,2021-02-05,22.6333710115675
312,9775304.31910016,18.0816896128136,77.5072024055926,101.890240509025,1.53911431994213,1.46518486640233,9027976.91281837,8325.57921463338,2021-02-06,21.085988799158
313,9775287.47377618,16.8453239826827,72.2076113931039,94.923658186792,1.43388406362837,1.36517242042815,9028006.14505942,8325.66371360082,2021-02-07,19.6443804667392
314,9775271.78028361,15.693492569455,67.2703578296127,88.4333590963908,1.33584754975198,1.27197758474762,9028033.37860425,8325.74244534616,2021-02-08,18.3013177039546
315,9775257.15986753,14.620416076846,62.6706716502064,82.3867872998362,1.24451312176664,1.18513671312099,9028058.75009601,8325.81580293519,2021-02-09,17.0500659117337
316,9775243.53915729,13.6207102420018,58.385475688529,76.7536113943088,1.15942270935449,1.10421756051032,9028082.38683791,8325.88415271086,2021-02-10,15.8843505118666
317,9775230.84979844,12.6893588437396,54.3932700331502,71.5055726159808,1.08014953619167,1.02881717178322,9028104.40743136,8325.94783610213,2021-02-11,14.7983255517145
318,9775219.02810989,11.8216885537501,50.6740242761736,66.6163433017114,1.00629598387685,0.958559910553991,9028124.92237059,8326.00717131133,2021-02-12,13.7865444481809
319,9775208.01476439,11.0133455050987,47.2090771164587,62.0613950041457,0.937491601421013,0.893095619074731,9028144.03459665,8326.06245488807,2021-02-13,12.8439327255944
320,9775197.75449092,10.2602734609138,43.9810428163246,57.8178756034201,0.873391250411373,0.832097900653196,9028161.84001357,8326.11396319722,2021-02-14,11.9657626119784
321,9775188.19579745,9.55869347411295,40.9737240446359,53.8644948031537,0.813673376629736,0.775262516605928,9028178.42796928,8326.16195378797,2021-02-15,11.1476293673486
322,9775179.29071251,8.90508493644577,38.1720306709075,50.1814174398941,0.758038399528412,0.722305890256755,9028193.88170367,8326.20666667067,2021-02-16,10.3854292262309
323,9775170.99454459,8.29616792205917,35.5619041046582,46.7501640738953,0.706207211548051,0.672963710963052,9028208.27876606,8326.2483255075,2021-02-17,9.67533884457027
324,9775163.26565786,7.72888673724221,33.1302468018376,43.5535183652023,0.657919779804124,0.626989631596774,9028221.6914041,8326.28713872268,2021-02-18,9.01379614864311
325,9775156.06526326,7.20039459402742,30.8648565858742,40.5754407726915,0.612933843174849,0.584154053325595,9028234.18692621,8326.32330053781,2021-02-19,8.39748249052786
326,9775149.35722393,6.70803933093325,28.754365454882,37.8009881451121,0.571023698295402,0.544242991932743,9028245.8280391,8326.35699193706,2021-02-20,7.82330602116139
327,9775143.10787382,6.24935010936061,26.7881825689179,35.2162388024616,0.531979068403712,0.507057020283773,9028256.67316241,8326.38838156721,2021-02-21,7.2883861980481
328,9775137.2858488,5.82202501902936,24.9564411320313,32.8082227333268,0.495604049393828,0.47241028189562,9028266.77672169,8326.41762657662,2021-02-22,6.79003935031881
329,9775131.86192927,5.42391953038208,23.249948903274,30.5648565592847,0.461716127816015,0.440129570889217,9028276.18942143,8326.44487339751,2021-02-23,6.32576522908731
330,9775126.80889354,5.05303573611574,21.6601420889543,28.4748829411917,0.430145265919983,0.410053473912807,9028284.95849948,8326.47025847517,2021-02-24,5.89323447594853
331,9775122.10138121,4.70751232794661,20.1790423852968,26.5278141243197,0.400733049170853,0.382031569909955,9028293.12796398,8326.4939089477,2021-02-25,5.49027694702741
332,9775117.71576595,4.38561525839029,18.7992169564083,24.7138793399278,0.373331891978115,0.355923683875286,9028300.73881416,8326.5159432797,2021-02-26,5.11487083424369
333,9775113.63003691,4.08572904076541,17.5137411471144,23.0239758000894,0.347804297667538,0.331599190993103,9028307.82924606,8326.53647185297,2021-02-27,4.76513252942605
334,9775109.82368826,3.80634864382213,16.3161637438999,21.4496230405222,0.324022168996039,0.308936367790328,9028314.43484416,8326.55559751701,2021-02-28,4.4393071806085
335,9775106.27761632,3.54607194037247,15.2004746099249,19.9829203828777,0.301866165761347,0.28782178715647,9028320.58875989,8326.57341610225,2021-03-01,4.13575989329028
336,9775102.97402365,3.3035926720722,14.1610745319613,18.6165073035248,0.281225106293003,0.268149754290591,9028326.32187801,8326.59001689833,2021-03-02,3.85296753265579
337,9775099.89632976,3.07769389508805,13.1927471281572,17.3435265103765,0.261995409830087,0.249821780829209,9028331.66297157,8326.60548309993,2021-03-03,3.58951108574734
338,9775097.02908788,2.8672418737915,12.2906326758487,16.1575895428422,0.244080576995032,0.232746094590659,9028336.63884627,8326.61989222224,2021-03-04,3.34406854537719
339,9775094.35790749,2.67118039186446,11.4502037282448,15.0527447225964,0.22739070576301,0.216837182541281,9028341.27447494,8326.63331648821,2021-03-05,3.11540828016875
340,9775091.86938204,2.48852545229239,10.6672423977672,14.0234472946095,0.211842040503643,0.202015364747727,9028345.59312293,8326.64582318941,2021-03-06,2.90238285754376
341,9775089.5510217,2.31836033966873,9.93781919216894,13.0645316088385,0.197356551836927,0.188206397228276,9028349.61646479,8326.65747502242,2021-03-07,2.70392328873393
342,9775087.39119068,2.15983102004955,9.25827329733085,12.1711852031824,0.183861545199248,0.175341101755002,9028353.36469303,8326.66833040221,2021-03-08,2.5190336670038
343,9775085.37904882,2.01214185528874,8.62519420787983,11.3389246578211,0.171289296158862,0.163355020788532,9028356.8566195,8326.67844375429,2021-03-09,2.34678617223613
344,9775083.50449721,1.87455161035981,8.03540461352392,10.5635730999197,0.159576710653914,0.152188095848524,9028360.10976974,8326.68786578686,2021-03-10,2.18631641686225
345,9775081.75812748,1.74636973363909,7.48594445528892,9.84123924594143,0.148665008450738,0.141784367736461,9028363.14047096,8326.69664374454,2021-03-11,2.03681910982629
346,9775080.13117459,1.62695289149274,6.97405607170313,9.16829787651063,0.138499428236296,0.132091697133344,9028365.96393395,8326.7048216447,2021-03-12,1.89754401686238
347,9775078.61547285,1.51570173978527,6.49717036043778,8.5413716459387,0.129028952866861,0.123061504193876,9028368.59432945,8326.71244049776,2021-03-13,1.76779219684601
348,9775077.20341493,1.41205791611461,6.05289388599955,7.95731413521152,0.120206053395943,0.114648525851238,9028371.04485922,8326.71953851242,2021-03-14,1.64691249536179
349,9775075.88791369,1.31550123768553,5.63899686881295,7.41319406346398,0.111986450598393,0.1068105896329,9028373.32782231,8326.72615128698,2021-03-15,1.53429827791682
350,9775074.6623666,1.2255470907643,5.25340199544813,6.90628057877106,0.104328892795278,0.0995084028685878,9028375.4546768,8326.73231198752,2021-03-16,1.42938438642817
351,9775073.52062261,1.14174399861808,4.89417399386577,6.43402955449226,0.0971949488656746,0.0927053562468054,9028377.43609729,8326.73805151398,2021-03-17,1.33164430373056
352,9775072.45695125,1.06367135573743,4.55950992138607,5.99407082244473,0.0905488154076421,0.0863673407466186,9028379.28202846,8326.74339865493,2021-03-18,1.24058751189169
353,9775071.46601393,0.99093731697455,4.24773011666188,5.58419627887524,0.084357137081449,0.0804625770370106,9028381.00173499,8326.74838023172,2021-03-19,1.15575703109301
354,9775070.5428371,0.92317683100648,3.95726977026561,5.20234880357529,0.0785888392342054,0.0749614564973677,9028382.60384806,8326.75302123287,2021-03-20,1.07672712673805
355,9775069.68278729,0.860049808256419,3.68667107160121,4.84661193655964,0.0732149719665595,0.0698363930697999,9028384.09640865,8326.75734493924,2021-03-21,1.00310117329278
356,9775068.88154788,0.801239414080895,3.43457589274271,4.51520026052582,0.068208564859455,0.0650616852073307,9028385.48690794,8326.76137304067,2021-03-22,0.934509664147681
357,9775068.1350974,0.746450478658619,3.19971897249353,4.20645044085047,0.063544491632368,0.0606133872317513,9028386.78232482,8326.76512574465,2021-03-23,0.870608357522738
358,9775067.43968938,0.695408015602396,2.98092156646929,3.91881287817514,0.0591993440542119,0.0564691894613587,9028387.98916102,8326.76862187762,2021-03-24,0.811076549117966
359,9775066.79183354,0.6478558418608,2.77708553134431,3.6508439317055,0.0551513144744796,0.0526083065121069,9028389.11347365,8326.77187897929,2021-03-25,0.755615462847387
360,9775066.18827825,0.603555291984468,2.58718781357981,3.4011986742098,0.0513800863853995,0.0490113732161,9028390.16090567,8326.77491339054,2021-03-26,0.703946751585967
361,9775065.62599423,0.562284020305246,2.4102753149802,3.16862414236866,0.0478667324661451,0.0456603476390428,9028391.13671416,8326.77774033539,2021-03-27,0.655811100410434
362,9775065.10215935,0.523834885017511,2.24546010931472,2.95195304861243,0.0445936195976476,0.0425384207134086,9028392.04579672,8326.78037399722,2021-03-28,0.610966925328568
363,9775064.61414444,0.488014908561844,2.09191498600223,2.75009792289694,0.0415443203715122,0.0396299320368685,9028392.89271607,8326.78282758998,2021-03-29,0.569189160970224
364,9775064.15950013,0.454644309094095,1.94886929849799,2.56204565502468,0.0387035306491008,0.0369202914160945,9028393.68172293,8326.78511342433,2021-03-30,0.530268131159291
365,9775063.73594453,0.423555598179532,1.81560509654985,2.38685241012758,0.036056992757186,0.0343959057645573,9028394.41677736,8326.78724296945,2021-03-31,0.494008496701275
